time,max_cool_T,max_fuel_T,memory
2,993.581105833,1116.1645359767,4618
