time,average_fission_heat,bnorm,eigenvalue,group1diff,memory,power_bottom,power_top,total_fission_heat
1,6.6684756670151e-19,1.0661018530072,1.0661018530072,0.016087030312153,24094,5.1007056587594e-12,7.9567353413505e-12,1.305744100011e-11
2,5.9583731304174,9.525764136273e+18,1.0661018530072,1.5017515722043e+17,24130,45575494.402192,71094505.597808,116670000
