time,average_fission_heat,bnorm,eigenvalue,group1diff,memory,power_bottom,power_top,total_fission_heat
1,6.7257123434247e-19,1.0757099673061,1.0757099673061,0.050252073859069,33562,5.0242339177766e-12,8.1452813497642e-12,1.3169515267541e-11
2,5.9583731304174,9.5298178661848e+18,1.0757099673061,1.4786865259426e+17,33562,44510170.593124,72159829.406876,116670000
