time,average_fission_heat,bnorm,eigenvalue,group1diff,memory,power_bottom,power_top,total_fission_heat
1,6.7271555263795e-19,1.0758615534905,1.0758615534905,0.050252722185961,29155,5.0222398146358e-12,8.1501013275463e-12,1.3172341142182e-11
2,5.9583731304174,9.529116053924e+18,1.0758615534905,1.4783952663005e+17,29155,44482959.623417,72187040.376583,116670000
