time,average_fission_heat,bnorm,eigenvalue,group1diff,memory,power_bottom,power_top,total_fission_heat
1,6.652550704388e-19,1.0635600911226,1.0635600911226,0.016100019004186,27298,4.9221662054627e-12,8.1040923670107e-12,1.3026258572473e-11
2,5.9583731304174,9.5258016828779e+18,1.0635600911226,1.5067066231108e+17,27330,44085500.682818,72584499.317182,116670000
