time,average_fission_heat,bnorm,eigenvalue,group1diff,memory,power_bottom,power_top,total_fission_heat
1,6.7014873484105e-19,1.0719679500951,1.0719679500951,0.015726540278673,23522,5.3433692779013e-12,7.7787113945504e-12,1.3122080672452e-11
2,5.9583731304174,9.5309961780802e+18,1.0719679500951,1.4727699032121e+17,23547,47508539.93464,69161460.06536,116670000
