time,average_fission_heat,bnorm,eigenvalue,group1diff,memory,power_bottom,power_top,total_fission_heat
1,6.70004117585e-19,1.0718165381197,1.0718165381197,0.015725701134028,26037,5.347149886995e-12,7.7720990569137e-12,1.3119248943909e-11
2,5.9583731304174,9.531706886356e+18,1.0718165381197,1.4730540137355e+17,26060,47552415.537123,69117584.462877,116670000
