time,average_fission_heat,bnorm,eigenvalue,group1diff,memory,power_bottom,power_top,total_fission_heat
1,6.6953302237354e-19,1.0702136711757,1.0702136711757,0.050891655735714,28974,4.8185497806037e-12,8.2914747194648e-12,1.3110024500068e-11
2,5.9583731304174,9.5241491742004e+18,1.0702136711757,1.5068892051395e+17,28974,42881704.980803,73788295.019197,116670000
