time,average_fission_heat,bnorm,eigenvalue,group1diff,memory,power_bottom,power_top,total_fission_heat
1,6.6799273571274e-19,1.0677552623188,1.0677552623188,0.05089750648612,33461,4.6420332680232e-12,8.4378311127002e-12,1.3079864380723e-11
2,5.9583731304174,9.5241818132552e+18,1.0677552623188,1.5129114014856e+17,33461,41406088.443733,75263911.556267,116670000
