time,max_cool1,max_cool2,max_cool3,memory
2,732.33032653649,662.3848610321,681.94208704082,1544
