time,Qw1,max_cool1,max_cool2,max_cool3,memory
2,1931106.9540208,719.05820323043,647.56709744663,696.77757848072,1070
