time,max_cool1,max_cool2,max_cool3,memory
2,719.05864164646,647.61141171713,698.33336163489,1054
