time,Qw1,ave_moder1_T,ave_moder2_T,ave_moder3_T,max_cool3,max_cool4,max_cool5,max_cool6,memory
2,330006.70348501,266.74132899473,312.82274329322,768.75813640602,1135.8425593436,1711.9453192089,1481.0447766376,834.37610011379,1125
