time,Qw1,max_cool3,max_cool4,max_cool5,max_cool6,memory
2,221324.69291037,1135.8425593495,1711.945319267,1481.0447788055,834.37622281906,1107
