time,ave_fuel10_T,ave_fuel1_T,ave_fuel2_T,ave_fuel3_T,ave_fuel4_T,ave_fuel5_T,ave_fuel6_T,ave_fuel7_T,ave_fuel8_T,ave_fuel9_T,ave_moder10_T,ave_moder1_T,ave_moder2_T,ave_moder3_T,ave_moder4_T,ave_moder5_T,ave_moder6_T,ave_moder7_T,ave_moder8_T,ave_moder9_T,max_cool_T,max_fuel1_T,max_fuel2_T,max_fuel3_T,max_fuel4_T,max_fuel5_T,max_fuel6_T,max_fuel7_T,max_moder1_T,max_moder2_T,max_moder3_T,max_moder4_T,max_moder5_T,max_moder6_T,max_moder7_T,memory
2,378.22740915172,738.8818382205,724.7307018048,704.92202154865,679.05414085498,650.71317518597,624.36588299702,584.04608285293,533.43173568906,464.81144102468,347.64444564903,720.85953018984,703.38766352798,680.04276446277,651.09760772852,618.89974913777,585.6798151838,540.74735225277,487.25032280886,421.76732434488,695.72323238184,750.06890979444,741.25397529757,724.60262119448,701.59800075203,676.14706733273,654.5596619852,618.98349777672,730.38434936137,717.94432513966,697.41724281208,671.0220322896,641.41616882982,612.29228499971,571.56499959171,2021
