time,ave_fuel10_T,ave_fuel1_T,ave_fuel2_T,ave_fuel3_T,ave_fuel4_T,ave_fuel5_T,ave_fuel6_T,ave_fuel7_T,ave_fuel8_T,ave_fuel9_T,ave_moder10_T,ave_moder1_T,ave_moder2_T,ave_moder3_T,ave_moder4_T,ave_moder5_T,ave_moder6_T,ave_moder7_T,ave_moder8_T,ave_moder9_T,max_cool_T,max_fuel1_T,max_fuel2_T,max_fuel3_T,max_fuel4_T,max_fuel5_T,max_fuel6_T,max_fuel7_T,max_moder1_T,max_moder2_T,max_moder3_T,max_moder4_T,max_moder5_T,max_moder6_T,max_moder7_T,memory
2,367.65749890649,685.54678694178,671.85924348619,654.30158578133,631.23803737696,605.9144688801,582.15581755775,546.31715481818,501.80681604799,441.76282452711,339.31117050527,668.95117697617,652.41345058763,631.54735529297,605.73872897747,577.0998604977,547.52884799719,507.86250504513,460.91186369459,403.50000077868,645.88895525532,695.94043437519,686.98608461539,672.04921026305,651.42898606402,628.54142591423,608.82457395993,577.06626891817,677.81166921135,665.74876164746,647.18539118918,623.53900114181,597.07884633238,570.9871223257,534.90705820205,2021
