time,ave_fuel10_T,ave_fuel1_T,ave_fuel2_T,ave_fuel3_T,ave_fuel4_T,ave_fuel5_T,ave_fuel6_T,ave_fuel7_T,ave_fuel8_T,ave_fuel9_T,ave_moder10_T,ave_moder1_T,ave_moder2_T,ave_moder3_T,ave_moder4_T,ave_moder5_T,ave_moder6_T,ave_moder7_T,ave_moder8_T,ave_moder9_T,max_cool_T,max_fuel1_T,max_fuel2_T,max_fuel3_T,max_fuel4_T,max_fuel5_T,max_fuel6_T,max_fuel7_T,max_moder1_T,max_moder2_T,max_moder3_T,max_moder4_T,max_moder5_T,max_moder6_T,max_moder7_T,memory
2,404.08311363029,769.68051748132,753.00271324728,730.72906431767,704.56605173295,676.56118044064,648.70518283521,609.65941177745,559.83838920217,491.75972008488,365.73710750368,748.48375586935,728.73279369554,703.25146425302,673.72027930596,641.32837779132,606.73068894742,562.20166172868,508.53008377583,442.27371654828,718.22105105939,782.18235415651,771.11525346351,751.64029832579,728.16915853574,703.2750899134,680.10832089678,645.94775224089,759.02026303257,744.59659662581,721.61235657019,694.46629571991,664.80161170225,634.25038973519,594.06328328984,2021
