time,bnorm,eigenvalue,group1diff,total_fission_heat
1,1.0658083186547,1.0658083186547,0.004157395087591,1.3073025751031e-11
2,9.5117885411984e+18,1.0658083186547,7.2036078295316e+14,116670000
