time,bnorm,eigenvalue,group1diff,total_fission_heat
1,1.0622792425139,1.0622792425139,0.0041563129410353,1.3028241606351e-11
2,9.5128815513893e+18,1.0622792425139,7.2769566330384e+14,116670000
